sample_id	platform	motif	modification	called_sites	genomic_sites	methylated_fraction	median_score	source_file	qc_status
CAMPY_A	pacbio	RAATTY	6mA	27000	27250	0.99083		CAMPY_A_motifs.gff	UNASSESSED
CAMPY_B	pacbio	RAATTY	6mA	28100	28350	0.99118		CAMPY_B_motifs.gff	UNASSESSED
CAMPY_C	pacbio	RAATTY	6mA	26100	26320	0.99164		CAMPY_C_motifs.gff	UNASSESSED
CAMPY_D	pacbio	RAATTY	6mA	27600	27830	0.99174		CAMPY_D_motifs.gff	UNASSESSED
CAMPY_E	pacbio	RAATTY	6mA	25500	25720	0.99145		CAMPY_E_motifs.gff	UNASSESSED
CAMPY_F	pacbio	RAATTY	6mA	26900	27100	0.99262		CAMPY_F_motifs.gff	UNASSESSED
CAMPY_BAD	pacbio	RAATTY	6mA	120	27000	0.00444		CAMPY_BAD_motifs.gff	UNASSESSED
CAMPY_A	pacbio	GATC	6mA	0	7200	0.00000		CAMPY_A_motifs.gff	UNASSESSED
CAMPY_B	pacbio	GATC	6mA	7000	7100	0.98592		CAMPY_B_motifs.gff	UNASSESSED
CAMPY_C	pacbio	GATC	6mA	0	7150	0.00000		CAMPY_C_motifs.gff	UNASSESSED
CAMPY_D	pacbio	GATC	6mA	6900	7000	0.98571		CAMPY_D_motifs.gff	UNASSESSED
CAMPY_E	pacbio	GATC	6mA	0	7080	0.00000		CAMPY_E_motifs.gff	UNASSESSED
CAMPY_F	pacbio	GATC	6mA	6800	6910	0.98408		CAMPY_F_motifs.gff	UNASSESSED
CAMPY_BAD	pacbio	GATC	6mA	0	7050	0.00000		CAMPY_BAD_motifs.gff	UNASSESSED
CAMPY_A	pacbio	GKAAGC	6mA	900	930	0.96774		CAMPY_A_motifs.gff	UNASSESSED
CAMPY_B	pacbio	GKAAGC	6mA	850	890	0.95506		CAMPY_B_motifs.gff	UNASSESSED
CAMPY_C	pacbio	GKAAGC	6mA	0	905	0.00000		CAMPY_C_motifs.gff	UNASSESSED
CAMPY_D	pacbio	GKAAGC	6mA	0	910	0.00000		CAMPY_D_motifs.gff	UNASSESSED
CAMPY_E	pacbio	GKAAGC	6mA	870	900	0.96667		CAMPY_E_motifs.gff	UNASSESSED
CAMPY_F	pacbio	GKAAGC	6mA	0	920	0.00000		CAMPY_F_motifs.gff	UNASSESSED
CAMPY_BAD	pacbio	GKAAGC	6mA	0	900	0.00000		CAMPY_BAD_motifs.gff	UNASSESSED
CAMPY_A	pacbio	GTAC	6mA	0	2500	0.00000		CAMPY_A_motifs.gff	UNASSESSED
CAMPY_B	pacbio	GTAC	6mA	2400	2470	0.97166		CAMPY_B_motifs.gff	UNASSESSED
CAMPY_C	pacbio	GTAC	6mA	2300	2410	0.95436		CAMPY_C_motifs.gff	UNASSESSED
CAMPY_D	pacbio	GTAC	6mA	0	2460	0.00000		CAMPY_D_motifs.gff	UNASSESSED
CAMPY_E	pacbio	GTAC	6mA	0	2430	0.00000		CAMPY_E_motifs.gff	UNASSESSED
CAMPY_F	pacbio	GTAC	6mA	2380	2450	0.97143		CAMPY_F_motifs.gff	UNASSESSED
CAMPY_BAD	pacbio	GTAC	6mA	0	2400	0.00000		CAMPY_BAD_motifs.gff	UNASSESSED
CAMPY_A	pacbio	CAACA	6mA	2700	2770	0.97473		CAMPY_A_motifs.gff	UNASSESSED
CAMPY_B	pacbio	CAACA	6mA	0	2750	0.00000		CAMPY_B_motifs.gff	UNASSESSED
CAMPY_C	pacbio	CAACA	6mA	2650	2730	0.97070		CAMPY_C_motifs.gff	UNASSESSED
CAMPY_D	pacbio	CAACA	6mA	0	2700	0.00000		CAMPY_D_motifs.gff	UNASSESSED
CAMPY_E	pacbio	CAACA	6mA	2600	2690	0.96654		CAMPY_E_motifs.gff	UNASSESSED
CAMPY_F	pacbio	CAACA	6mA	0	2710	0.00000		CAMPY_F_motifs.gff	UNASSESSED
CAMPY_BAD	pacbio	CAACA	6mA	0	2680	0.00000		CAMPY_BAD_motifs.gff	UNASSESSED
CAMPY_A	pacbio	GNGGAA	6mA	0	1700	0.00000		CAMPY_A_motifs.gff	UNASSESSED
CAMPY_B	pacbio	GNGGAA	6mA	1650	1720	0.95930		CAMPY_B_motifs.gff	UNASSESSED
CAMPY_C	pacbio	GNGGAA	6mA	1600	1680	0.95238		CAMPY_C_motifs.gff	UNASSESSED
CAMPY_D	pacbio	GNGGAA	6mA	0	1690	0.00000		CAMPY_D_motifs.gff	UNASSESSED
CAMPY_E	pacbio	GNGGAA	6mA	1580	1660	0.95181		CAMPY_E_motifs.gff	UNASSESSED
CAMPY_F	pacbio	GNGGAA	6mA	0	1710	0.00000		CAMPY_F_motifs.gff	UNASSESSED
CAMPY_BAD	pacbio	GNGGAA	6mA	0	1670	0.00000		CAMPY_BAD_motifs.gff	UNASSESSED
